[{"ExamRoom":{"Id":"name","Equipment":[],"Floor":1,"RoomNb":1,"Occupancy":false,"Type":"type"},"Id":"VFTNZ","Duration":2,"Type":"pregled","Patient":{"Id":"idPatient1","Name":"namePatient1"},"Doctor":{"DoB":"2022-04-10T20:30:52.8575783+02:00","Examinations":[],"Id":"idDoctor2","Name":"nameDoctor2","Surname":"surnameDoctor2","Type":0},"Date":"2021-02-01T12:12:12"},{"ExamRoom":{"Id":"name","Equipment":[],"Floor":1,"RoomNb":1,"Occupancy":false,"Type":"type"},"Id":"MANGH","Duration":2,"Type":"pregled","Patient":{"Id":"idPatient1","Name":"namePatient1"},"Doctor":{"DoB":"2022-04-10T20:32:09.6742771+02:00","Examinations":[],"Id":"idDoctor2","Name":"nameDoctor2","Surname":"surnameDoctor2","Type":0},"Date":"2021-01-01T15:15:15"}]