[{"DoB":"2022-05-15T10:45:53.6032932+02:00","Examinations":[],"Id":"d1","Name":"Milan","FreeDaysLeft":20,"Surname":"Markovic","Type":1,"NameSurname":"Milan Markovic"},{"DoB":"2022-05-15T10:45:53.6046069+02:00","Examinations":[],"Id":"d11","Name":"Jovan","FreeDaysLeft":20,"Surname":"Petrovic","Type":3,"NameSurname":"Jovan Petrovic"},{"DoB":"2022-05-15T10:45:53.604615+02:00","Examinations":[],"Id":"d12","Name":"Miroslav","FreeDaysLeft":20,"Surname":"Katic","Type":2,"NameSurname":"Miroslav Katic"},{"DoB":"2022-05-15T10:45:53.6046192+02:00","Examinations":[],"Id":"d13","Name":"Andrija","FreeDaysLeft":20,"Surname":"Stanisic","Type":3,"NameSurname":"Andrija Stanisic"},{"DoB":"2022-05-15T10:45:53.6046201+02:00","Examinations":[],"Id":"d14","Name":"Milos","FreeDaysLeft":20,"Surname":"Gravara","Type":1,"NameSurname":"Milos Gravara"}]