[{"Id":"0","RoomId":"1","Type":0},{"Id":"1","RoomId":"2","Type":1},{"Id":"2","RoomId":"3","Type":2},{"Id":"3","RoomId":"4","Type":3},{"Id":"4","RoomId":"5","Type":4},{"Id":"5","RoomId":"6","Type":5},{"Id":"6","RoomId":"7","Type":6},{"Id":"7","RoomId":"8","Type":7},{"Id":"8","RoomId":"9","Type":8},{"Id":"9","RoomId":"10","Type":9},{"Id":"10","RoomId":"11","Type":0},{"Id":"11","RoomId":"12","Type":1},{"Id":"12","RoomId":"13","Type":2},{"Id":"13","RoomId":"14","Type":3},{"Id":"14","RoomId":"15","Type":4},{"Id":"15","RoomId":"16","Type":5},{"Id":"16","RoomId":"17","Type":6},{"Id":"17","RoomId":"18","Type":7},{"Id":"18","RoomId":"19","Type":8},{"Id":"19","RoomId":"0","Type":9}]