[{"Id":"0","OriginRoomId":"0","DestinationRoomId":"1","EquipmentId":"0","StartDate":"10/10/2022 12:00:00 PM","EndDate":"10/10/2022 1:00:00 PM"},{"Id":"1","OriginRoomId":"1","DestinationRoomId":"2","EquipmentId":"1","StartDate":"10/10/2022 12:00:00 PM","EndDate":"10/10/2022 1:00:00 PM"},{"Id":"2","OriginRoomId":"2","DestinationRoomId":"3","EquipmentId":"2","StartDate":"10/10/2022 12:00:00 PM","EndDate":"10/10/2022 1:00:00 PM"},{"Id":"3","OriginRoomId":"3","DestinationRoomId":"4","EquipmentId":"3","StartDate":"10/10/2022 12:00:00 PM","EndDate":"10/10/2022 1:00:00 PM"},{"Id":"4","OriginRoomId":"4","DestinationRoomId":"5","EquipmentId":"4","StartDate":"10/10/2022 12:00:00 PM","EndDate":"10/10/2022 1:00:00 PM"},{"Id":"5","OriginRoomId":"5","DestinationRoomId":"6","EquipmentId":"5","StartDate":"10/10/2022 12:00:00 PM","EndDate":"10/10/2022 1:00:00 PM"},{"Id":"6","OriginRoomId":"6","DestinationRoomId":"7","EquipmentId":"6","StartDate":"10/10/2022 12:00:00 PM","EndDate":"10/10/2022 1:00:00 PM"},{"Id":"7","OriginRoomId":"7","DestinationRoomId":"8","EquipmentId":"7","StartDate":"10/10/2022 12:00:00 PM","EndDate":"10/10/2022 1:00:00 PM"},{"Id":"8","OriginRoomId":"8","DestinationRoomId":"9","EquipmentId":"8","StartDate":"10/10/2022 12:00:00 PM","EndDate":"10/10/2022 1:00:00 PM"},{"Id":"9","OriginRoomId":"9","DestinationRoomId":"10","EquipmentId":"9","StartDate":"10/10/2022 12:00:00 PM","EndDate":"10/10/2022 1:00:00 PM"},{"Id":"10","OriginRoomId":"10","DestinationRoomId":"11","EquipmentId":"10","StartDate":"10/10/2022 12:00:00 PM","EndDate":"10/10/2022 1:00:00 PM"},{"Id":"11","OriginRoomId":"11","DestinationRoomId":"12","EquipmentId":"11","StartDate":"10/10/2022 12:00:00 PM","EndDate":"10/10/2022 1:00:00 PM"},{"Id":"12","OriginRoomId":"12","DestinationRoomId":"13","EquipmentId":"12","StartDate":"10/10/2022 12:00:00 PM","EndDate":"10/10/2022 1:00:00 PM"},{"Id":"13","OriginRoomId":"13","DestinationRoomId":"14","EquipmentId":"13","StartDate":"10/10/2022 12:00:00 PM","EndDate":"10/10/2022 1:00:00 PM"},{"Id":"14","OriginRoomId":"14","DestinationRoomId":"15","EquipmentId":"14","StartDate":"10/10/2022 12:00:00 PM","EndDate":"10/10/2022 1:00:00 PM"},{"Id":"15","OriginRoomId":"15","DestinationRoomId":"16","EquipmentId":"15","StartDate":"10/10/2022 12:00:00 PM","EndDate":"10/10/2022 1:00:00 PM"},{"Id":"16","OriginRoomId":"16","DestinationRoomId":"17","EquipmentId":"16","StartDate":"10/10/2022 12:00:00 PM","EndDate":"10/10/2022 1:00:00 PM"},{"Id":"17","OriginRoomId":"17","DestinationRoomId":"18","EquipmentId":"17","StartDate":"10/10/2022 12:00:00 PM","EndDate":"10/10/2022 1:00:00 PM"},{"Id":"18","OriginRoomId":"18","DestinationRoomId":"19","EquipmentId":"18","StartDate":"10/10/2022 12:00:00 PM","EndDate":"10/10/2022 1:00:00 PM"},{"Id":"19","OriginRoomId":"19","DestinationRoomId":"0","EquipmentId":"19","StartDate":"10/10/2022 12:00:00 PM","EndDate":"10/10/2022 1:00:00 PM"}]