[{"ExamRoomId":"11","Id":"2","Duration":30,"PatientId":"2","DoctorId":"d11","DoctorNameSurname":null,"DoctorType":0,"EType":0,"DoctorTypeString":null,"Date":"2022-06-05T12:30:00"},{"ExamRoomId":"14","Id":"4","Duration":30,"PatientId":"2","DoctorId":"d13","DoctorNameSurname":null,"DoctorType":0,"EType":1,"DoctorTypeString":null,"Date":"2022-06-05T15:00:00"},{"ExamRoomId":"10A","Id":"5","Duration":30,"PatientId":"4","DoctorId":"d12","DoctorNameSurname":null,"DoctorType":0,"EType":0,"DoctorTypeString":null,"Date":"2022-06-06T11:00:00"},{"ExamRoomId":"14","Id":"7","Duration":30,"PatientId":"4","DoctorId":"d13","DoctorNameSurname":null,"DoctorType":0,"EType":1,"DoctorTypeString":null,"Date":"2022-06-06T08:30:00"},{"ExamRoomId":"12","Id":"8","Duration":30,"PatientId":"1","DoctorId":"d12","DoctorNameSurname":null,"DoctorType":0,"EType":0,"DoctorTypeString":null,"Date":"2022-06-06T09:00:00"},{"ExamRoomId":"10A","Id":"9","Duration":30,"PatientId":"3","DoctorId":"d1","DoctorNameSurname":null,"DoctorType":0,"EType":0,"DoctorTypeString":null,"Date":"2022-06-07T14:00:00"},{"ExamRoomId":"11","Id":"10","Duration":30,"PatientId":"2","DoctorId":"d14","DoctorNameSurname":null,"DoctorType":0,"EType":0,"DoctorTypeString":null,"Date":"2022-06-07T10:00:00"},{"ExamRoomId":"12","Id":"11","Duration":30,"PatientId":"5","DoctorId":"d14","DoctorNameSurname":null,"DoctorType":0,"EType":0,"DoctorTypeString":null,"Date":"2022-06-05T12:00:00"},{"ExamRoomId":"11","Id":"12","Duration":30,"PatientId":"4","DoctorId":"d1","DoctorNameSurname":null,"DoctorType":0,"EType":0,"DoctorTypeString":null,"Date":"2022-06-05T12:00:00"},{"ExamRoomId":"12","Id":"1","Duration":30,"PatientId":"1","DoctorId":"d14","DoctorNameSurname":null,"DoctorType":0,"EType":0,"DoctorTypeString":null,"Date":"2022-06-05T08:00:00"},{"ExamRoomId":"11","Id":"13","Duration":30,"PatientId":"4","DoctorId":"d13","DoctorNameSurname":null,"DoctorType":0,"EType":0,"DoctorTypeString":null,"Date":"2022-06-05T11:00:00"},{"ExamRoomId":"14","Id":"3","Duration":30,"PatientId":"3","DoctorId":"d13","DoctorNameSurname":null,"DoctorType":0,"EType":1,"DoctorTypeString":null,"Date":"2022-06-05T11:30:00"},{"ExamRoomId":"12","Id":"14","Duration":30,"PatientId":"6","DoctorId":"d11","DoctorNameSurname":null,"DoctorType":0,"EType":0,"DoctorTypeString":null,"Date":"2022-06-06T08:30:00"},{"ExamRoomId":"15","Id":"6","Duration":30,"PatientId":"1","DoctorId":"d11","DoctorNameSurname":null,"DoctorType":0,"EType":0,"DoctorTypeString":null,"Date":"2022-06-06T11:00:00"}]