[
  {
    "ID": "1",
    "UCIN": "0605994802463",
    "Name": "Pera",
    "Surname": "Peric",
    "PhoneNumber": "4098240",
    "Adress": "Partizanska 13, Novi Sad",
    "Mail": "pera@mail.com",
    "Gender": 0,
    "DoB": "1994-05-06T00:00:00",
    "BloodType": 0,
    "Reports": [
      {
        "ExaminationId": "examId",
        "Description": "Neki opis",
        "CreateDate": "2022-05-01T00:00:00",
        "PatientId": "p1",
        "DoctorId": "d1",
        "Therapy": [
          {
            "Prescription": true,
            "ExamId": "t1",
            "Duration": 5,
            "PerDay": 2,
            "Medicine": "lek1"
          },
          {
            "Prescription": false,
            "ExamId": "t2",
            "Duration": 5,
            "PerDay": 2,
            "Medicine": "lek2"
          },
          {
            "Prescription": true,
            "ExamId": "t3",
            "Duration": 5,
            "PerDay": 2,
            "Medicine": "lek3"
          }
        ],
        "DoctorNameSurname": null,
        "DoctorType": null
      }
    ],
    "Allergens": [
      6,
      3,
      2
    ],
    "Notifications": [
      {
        "Content": "Popiti lek lek3 u 5/1/2022 12:00:00 AM",
        "DateTimeNotification": "2022-05-01T00:00:00"
      },
      {
        "Content": "Popiti lek lek3 u 5/1/2022 12:00:00 PM",
        "DateTimeNotification": "2022-05-01T12:00:00"
      },
      {
        "Content": "Popiti lek lek3 u 5/2/2022 12:00:00 AM",
        "DateTimeNotification": "2022-05-02T00:00:00"
      },
      {
        "Content": "Popiti lek lek3 u 5/2/2022 12:00:00 PM",
        "DateTimeNotification": "2022-05-02T12:00:00"
      },
      {
        "Content": "Popiti lek lek3 u 5/3/2022 12:00:00 AM",
        "DateTimeNotification": "2022-05-03T00:00:00"
      },
      {
        "Content": "Popiti lek lek3 u 5/4/2022 12:00:00 PM",
        "DateTimeNotification": "2022-05-04T12:00:00"
      },
      {
        "Content": "Popiti lek lek3 u 5/5/2022 12:00:00 AM",
        "DateTimeNotification": "2022-05-05T00:00:00"
      },
      {
        "Content": "Popiti lek lek3 u 5/5/2022 12:00:00 PM",
        "DateTimeNotification": "2022-05-05T12:00:00"
      }
    ]
  },
  {
    "ID": "2",
    "UCIN": "0808985802463",
    "Name": "Ivan",
    "Surname": "Ivic",
    "PhoneNumber": "4489965",
    "Adress": "Partizanska 14, Novi Sad",
    "Mail": "ivan@mail.com",
    "Gender": 0,
    "DoB": "1985-08-08T00:00:00",
    "BloodType": 4,
    "Reports": [
      {
        "ExaminationId": "examId",
        "Description": "Neki opis",
        "CreateDate": "2022-05-01T00:00:00",
        "PatientId": "p1",
        "DoctorId": "d1",
        "Therapy": [
          {
            "Prescription": true,
            "ExamId": "t1",
            "Duration": 5,
            "PerDay": 2,
            "Medicine": "lek1"
          },
          {
            "Prescription": false,
            "ExamId": "t2",
            "Duration": 5,
            "PerDay": 2,
            "Medicine": "lek2"
          },
          {
            "Prescription": true,
            "ExamId": "t3",
            "Duration": 5,
            "PerDay": 2,
            "Medicine": "lek3"
          }
        ],
        "DoctorNameSurname": null,
        "DoctorType": null
      }
    ],
    "Allergens": [
      5,
      2,
      7
    ],
    "Notifications": [
      {
        "Content": "Popiti lek lek1 u 5/3/2022 12:00:00 PM",
        "DateTimeNotification": "2022-05-03T12:00:00"
      },
      {
        "Content": "Popiti lek lek1 u 5/4/2022 12:00:00 AM",
        "DateTimeNotification": "2022-05-04T00:00:00"
      },
      {
        "Content": "Popiti lek lek1 u 5/4/2022 12:00:00 PM",
        "DateTimeNotification": "2022-05-04T12:00:00"
      },
      {
        "Content": "Popiti lek lek1 u 5/5/2022 12:00:00 AM",
        "DateTimeNotification": "2022-05-05T00:00:00"
      },
      {
        "Content": "Popiti lek lek1 u 5/5/2022 12:00:00 PM",
        "DateTimeNotification": "2022-05-05T12:00:00"
      },
      {
        "Content": "Popiti lek lek2 u 5/1/2022 12:00:00 AM",
        "DateTimeNotification": "2022-05-01T00:00:00"
      },
      {
        "Content": "Popiti lek lek2 u 5/1/2022 12:00:00 PM",
        "DateTimeNotification": "2022-05-01T12:00:00"
      },
      {
        "Content": "Popiti lek lek2 u 5/2/2022 12:00:00 AM",
        "DateTimeNotification": "2022-05-02T00:00:00"
      },
      {
        "Content": "Popiti lek lek2 u 5/2/2022 12:00:00 PM",
        "DateTimeNotification": "2022-05-02T12:00:00"
      },
      {
        "Content": "Popiti lek lek2 u 5/3/2022 12:00:00 AM",
        "DateTimeNotification": "2022-05-03T00:00:00"
      },
      {
        "Content": "Popiti lek lek2 u 5/3/2022 12:00:00 PM",
        "DateTimeNotification": "2022-05-03T12:00:00"
      },
      {
        "Content": "Popiti lek lek2 u 5/4/2022 12:00:00 AM",
        "DateTimeNotification": "2022-05-04T00:00:00"
      },
      {
        "Content": "Popiti lek lek2 u 5/4/2022 12:00:00 PM",
        "DateTimeNotification": "2022-05-04T12:00:00"
      },
      {
        "Content": "Popiti lek lek2 u 5/5/2022 12:00:00 AM",
        "DateTimeNotification": "2022-05-05T00:00:00"
      },
      {
        "Content": "Popiti lek lek2 u 5/5/2022 12:00:00 PM",
        "DateTimeNotification": "2022-05-05T12:00:00"
      },
      {
        "Content": "Popiti lek lek3 u 5/1/2022 12:00:00 AM",
        "DateTimeNotification": "2022-05-01T00:00:00"
      },
      {
        "Content": "Popiti lek lek3 u 5/1/2022 12:00:00 PM",
        "DateTimeNotification": "2022-05-01T12:00:00"
      },
      {
        "Content": "Popiti lek lek3 u 5/2/2022 12:00:00 AM",
        "DateTimeNotification": "2022-05-02T00:00:00"
      },
      {
        "Content": "Popiti lek lek3 u 5/2/2022 12:00:00 PM",
        "DateTimeNotification": "2022-05-02T12:00:00"
      },
      {
        "Content": "Popiti lek lek3 u 5/3/2022 12:00:00 AM",
        "DateTimeNotification": "2022-05-03T00:00:00"
      },
      {
        "Content": "Popiti lek lek3 u 5/3/2022 12:00:00 PM",
        "DateTimeNotification": "2022-05-03T12:00:00"
      },
      {
        "Content": "Popiti lek lek3 u 5/4/2022 12:00:00 AM",
        "DateTimeNotification": "2022-05-04T00:00:00"
      },
      {
        "Content": "Popiti lek lek3 u 5/4/2022 12:00:00 PM",
        "DateTimeNotification": "2022-05-04T12:00:00"
      },
      {
        "Content": "Popiti lek lek3 u 5/5/2022 12:00:00 AM",
        "DateTimeNotification": "2022-05-05T00:00:00"
      },
      {
        "Content": "Popiti lek lek3 u 5/5/2022 12:00:00 PM",
        "DateTimeNotification": "2022-05-05T12:00:00"
      }
    ]
  },
  {
    "ID": "3",
    "UCIN": "1111001802463",
    "Name": "Zika",
    "Surname": "Zikic",
    "PhoneNumber": "41478115",
    "Adress": "Partizanska 15, Novi Sad",
    "Mail": "zika@mail.com",
    "Gender": 0,
    "DoB": "2001-11-11T00:00:00",
    "BloodType": 6,
    "Reports": [
      {
        "ExaminationId": "examId",
        "Description": "Neki opis",
        "CreateDate": "2022-05-01T00:00:00",
        "PatientId": "p1",
        "DoctorId": "d1",
        "Therapy": [
          {
            "Prescription": true,
            "ExamId": "t1",
            "Duration": 5,
            "PerDay": 2,
            "Medicine": "lek1"
          },
          {
            "Prescription": false,
            "ExamId": "t2",
            "Duration": 5,
            "PerDay": 2,
            "Medicine": "lek2"
          },
          {
            "Prescription": true,
            "ExamId": "t3",
            "Duration": 5,
            "PerDay": 2,
            "Medicine": "lek3"
          }
        ],
        "DoctorNameSurname": null,
        "DoctorType": null
      }
    ],
    "Allergens": [
      0
    ],
    "Notifications": [
      {
        "Content": "Popiti lek lek1 u 5/1/2022 12:00:00 AM",
        "DateTimeNotification": "2022-05-01T00:00:00"
      },
      {
        "Content": "Popiti lek lek1 u 5/1/2022 12:00:00 PM",
        "DateTimeNotification": "2022-05-01T12:00:00"
      },
      {
        "Content": "Popiti lek lek1 u 5/2/2022 12:00:00 AM",
        "DateTimeNotification": "2022-05-02T00:00:00"
      },
      {
        "Content": "Popiti lek lek1 u 5/2/2022 12:00:00 PM",
        "DateTimeNotification": "2022-05-02T12:00:00"
      },
      {
        "Content": "Popiti lek lek1 u 5/3/2022 12:00:00 AM",
        "DateTimeNotification": "2022-05-03T00:00:00"
      },
      {
        "Content": "Popiti lek lek1 u 5/3/2022 12:00:00 PM",
        "DateTimeNotification": "2022-05-03T12:00:00"
      },
      {
        "Content": "Popiti lek lek1 u 5/4/2022 12:00:00 AM",
        "DateTimeNotification": "2022-05-04T00:00:00"
      },
      {
        "Content": "Popiti lek lek1 u 5/4/2022 12:00:00 PM",
        "DateTimeNotification": "2022-05-04T12:00:00"
      },
      {
        "Content": "Popiti lek lek1 u 5/5/2022 12:00:00 AM",
        "DateTimeNotification": "2022-05-05T00:00:00"
      },
      {
        "Content": "Popiti lek lek1 u 5/5/2022 12:00:00 PM",
        "DateTimeNotification": "2022-05-05T12:00:00"
      },
      {
        "Content": "Popiti lek lek2 u 5/1/2022 12:00:00 AM",
        "DateTimeNotification": "2022-05-01T00:00:00"
      },
      {
        "Content": "Popiti lek lek2 u 5/1/2022 12:00:00 PM",
        "DateTimeNotification": "2022-05-01T12:00:00"
      },
      {
        "Content": "Popiti lek lek2 u 5/2/2022 12:00:00 AM",
        "DateTimeNotification": "2022-05-02T00:00:00"
      },
      {
        "Content": "Popiti lek lek2 u 5/2/2022 12:00:00 PM",
        "DateTimeNotification": "2022-05-02T12:00:00"
      },
      {
        "Content": "Popiti lek lek2 u 5/3/2022 12:00:00 AM",
        "DateTimeNotification": "2022-05-03T00:00:00"
      },
      {
        "Content": "Popiti lek lek2 u 5/3/2022 12:00:00 PM",
        "DateTimeNotification": "2022-05-03T12:00:00"
      },
      {
        "Content": "Popiti lek lek2 u 5/4/2022 12:00:00 AM",
        "DateTimeNotification": "2022-05-04T00:00:00"
      },
      {
        "Content": "Popiti lek lek2 u 5/4/2022 12:00:00 PM",
        "DateTimeNotification": "2022-05-04T12:00:00"
      },
      {
        "Content": "Popiti lek lek2 u 5/5/2022 12:00:00 AM",
        "DateTimeNotification": "2022-05-05T00:00:00"
      },
      {
        "Content": "Popiti lek lek2 u 5/5/2022 12:00:00 PM",
        "DateTimeNotification": "2022-05-05T12:00:00"
      },
      {
        "Content": "Popiti lek lek3 u 5/1/2022 12:00:00 AM",
        "DateTimeNotification": "2022-05-01T00:00:00"
      },
      {
        "Content": "Popiti lek lek3 u 5/1/2022 12:00:00 PM",
        "DateTimeNotification": "2022-05-01T12:00:00"
      },
      {
        "Content": "Popiti lek lek3 u 5/2/2022 12:00:00 AM",
        "DateTimeNotification": "2022-05-02T00:00:00"
      },
      {
        "Content": "Popiti lek lek3 u 5/2/2022 12:00:00 PM",
        "DateTimeNotification": "2022-05-02T12:00:00"
      },
      {
        "Content": "Popiti lek lek3 u 5/3/2022 12:00:00 AM",
        "DateTimeNotification": "2022-05-03T00:00:00"
      },
      {
        "Content": "Popiti lek lek3 u 5/3/2022 12:00:00 PM",
        "DateTimeNotification": "2022-05-03T12:00:00"
      },
      {
        "Content": "Popiti lek lek3 u 5/4/2022 12:00:00 AM",
        "DateTimeNotification": "2022-05-04T00:00:00"
      },
      {
        "Content": "Popiti lek lek3 u 5/4/2022 12:00:00 PM",
        "DateTimeNotification": "2022-05-04T12:00:00"
      },
      {
        "Content": "Popiti lek lek3 u 5/5/2022 12:00:00 AM",
        "DateTimeNotification": "2022-05-05T00:00:00"
      },
      {
        "Content": "Popiti lek lek3 u 5/5/2022 12:00:00 PM",
        "DateTimeNotification": "2022-05-05T12:00:00"
      }
    ]
  }
]