[{"ID":"1","UCIN":"0605994802463","IsGuest":false,"MedicalRecordID":"1","Name":"Pera","Surname":"Peric","PhoneNumber":"0605235548","Adress":"Partizanska 13, Novi Sad","Mail":"pera@mail.com","Gender":0,"DoB":"1994-05-06T00:00:00","Answers":[{"IdDoctor":"hospital","Grades":[1,1,1,1,1]},{"IdDoctor":"d13","Grades":[4,5,4,3]}],"CurrentMonth":"05","NumberCanceling":3,"NumberNewExams":4,"UserName":null,"Password":null,"Type":0},{"ID":"2","UCIN":"0808985802463","IsGuest":false,"MedicalRecordID":"2","Name":"Ivan","Surname":"Ivic","PhoneNumber":"0605234548","Adress":"Partizanska 14, Novi Sad","Mail":"ivan@mail.com","Gender":0,"DoB":"1985-08-08T00:00:00","Answers":[],"CurrentMonth":"05","NumberCanceling":6,"NumberNewExams":8,"UserName":null,"Password":null,"Type":0},{"ID":"3","UCIN":"1111001802463","IsGuest":false,"MedicalRecordID":"3","Name":"Zika","Surname":"Zikic","PhoneNumber":"0605235598","Adress":"Partizanska 15, Novi Sad","Mail":"zika@mail.com","Gender":0,"DoB":"2001-11-11T00:00:00","Answers":[],"CurrentMonth":"05","NumberCanceling":0,"NumberNewExams":0,"UserName":null,"Password":null,"Type":0}]