[
  {
    "Id": "0",
    "Equipment": [
      "19"
    ],
    "Floor": 1,
    "RoomNb": 0,
    "Occupancy": false,
    "Type": 0,
    "PreviousType": 0
  },
  {
    "Id": "1",
    "Equipment": [
      "0"
    ],
    "Floor": 1,
    "RoomNb": 1,
    "Occupancy": false,
    "Type": 1,
    "PreviousType": 1
  },
  {
    "Id": "2",
    "Equipment": [
      "1"
    ],
    "Floor": 1,
    "RoomNb": 2,
    "Occupancy": false,
    "Type": 2,
    "PreviousType": 2
  },
  {
    "Id": "3",
    "Equipment": [
      "2"
    ],
    "Floor": 1,
    "RoomNb": 3,
    "Occupancy": false,
    "Type": 3,
    "PreviousType": 3
  },
  {
    "Id": "4",
    "Equipment": [
      "3"
    ],
    "Floor": 1,
    "RoomNb": 4,
    "Occupancy": false,
    "Type": 4,
    "PreviousType": 4
  },
  {
    "Id": "5",
    "Equipment": [
      "4"
    ],
    "Floor": 1,
    "RoomNb": 5,
    "Occupancy": false,
    "Type": 0,
    "PreviousType": 0
  },
  {
    "Id": "6",
    "Equipment": [
      "5"
    ],
    "Floor": 1,
    "RoomNb": 6,
    "Occupancy": false,
    "Type": 1,
    "PreviousType": 1
  },
  {
    "Id": "7",
    "Equipment": [
      "6"
    ],
    "Floor": 1,
    "RoomNb": 7,
    "Occupancy": false,
    "Type": 2,
    "PreviousType": 2
  },
  {
    "Id": "8",
    "Equipment": [
      "7"
    ],
    "Floor": 1,
    "RoomNb": 8,
    "Occupancy": false,
    "Type": 3,
    "PreviousType": 3
  },
  {
    "Id": "9",
    "Equipment": [
      "8"
    ],
    "Floor": 1,
    "RoomNb": 9,
    "Occupancy": false,
    "Type": 4,
    "PreviousType": 4
  },
  {
    "Id": "10",
    "Equipment": [
      "9"
    ],
    "Floor": 1,
    "RoomNb": 10,
    "Occupancy": false,
    "Type": 0,
    "PreviousType": 0
  },
  {
    "Id": "11",
    "Equipment": [
      "10"
    ],
    "Floor": 2,
    "RoomNb": 10,
    "Occupancy": false,
    "Type": 1,
    "PreviousType": 1
  },
  {
    "Id": "12",
    "Equipment": [
      "11"
    ],
    "Floor": 2,
    "RoomNb": 11,
    "Occupancy": false,
    "Type": 2,
    "PreviousType": 2
  },
  {
    "Id": "13",
    "Equipment": [
      "12"
    ],
    "Floor": 2,
    "RoomNb": 12,
    "Occupancy": false,
    "Type": 3,
    "PreviousType": 3
  },
  {
    "Id": "14",
    "Equipment": [
      "13"
    ],
    "Floor": 2,
    "RoomNb": 13,
    "Occupancy": false,
    "Type": 4,
    "PreviousType": 4
  },
  {
    "Id": "15",
    "Equipment": [
      "14"
    ],
    "Floor": 2,
    "RoomNb": 14,
    "Occupancy": false,
    "Type": 0,
    "PreviousType": 0
  },
  {
    "Id": "16",
    "Equipment": [
      "15"
    ],
    "Floor": 2,
    "RoomNb": 15,
    "Occupancy": false,
    "Type": 1,
    "PreviousType": 1
  },
  {
    "Id": "17",
    "Equipment": [
      "16"
    ],
    "Floor": 2,
    "RoomNb": 16,
    "Occupancy": false,
    "Type": 2,
    "PreviousType": 2
  },
  {
    "Id": "18",
    "Equipment": [
      "17"
    ],
    "Floor": 2,
    "RoomNb": 17,
    "Occupancy": false,
    "Type": 3,
    "PreviousType": 3
  },
  {
    "Id": "19",
    "Equipment": [
      "18"
    ],
    "Floor": 2,
    "RoomNb": 18,
    "Occupancy": false,
    "Type": 4,
    "PreviousType": 4
  }
]